{"cameraMode":{"drawMode":0,"name":"Shaded","section":"Shading Mode"},"sceneLighting":true,"audioPlay":false,"sceneViewState":{"m_AlwaysRefresh":false,"showFog":true,"showSkybox":true,"showFlares":true,"showImageEffects":true,"showParticleSystems":true,"showVisualEffectGraphs":true,"m_FxEnabled":true},"in2DMode":false,"pivot":{"x":27.190000534057618,"y":1.2000000476837159,"z":-1.2489999532699586},"rotation":{"x":0.04930242896080017,"y":-0.9497479796409607,"z":0.23968686163425446,"w":0.1952965408563614},"size":2.5188305377960207,"orthographic":false}